1,5300,3452,1704MDF135
1,5300,3736,61085
1,5300,3781,62369
1,5300,3887,63278
1,5300,3979,63780
1,5300,3980,63813
1,5300,4000,64152
1,5300,4139,64977
1,5300,4181,63972
1,5300,4195,65329
1,5300,3036,90858
1,5300,3488,89249
1,5300,3512,89552
1,5300,4286,89457
1,5300,3290,1706MDF099
1,5300,3567,60743
1,5300,4365,60696
1,5300,3570,60858
1,5300,3576,1708MDF071
1,5300,3402,1712MDF141
1,5300,4367,J0078784
1,5300,3409,J0074883
1,5300,3435,1712MDF127
1,5300,4364,61785
1,5300,3732,61674
1,5300,3757,61534
1,5300,3760,61267
1,5300,3761,61382
1,5300,4368,61898
1,5300,3780,62435
1,5300,2814,62741
1,5300,3867,62785
1,5300,3871,62863
1,5300,3884,63036
1,5300,2859,63026
1,5300,3890,63333
1,5300,3908,63390
1,5300,3916,63515
1,5300,3043,63471
1,5300,3969,63502
1,5300,3982,63763
1,5300,3987,63771
1,5300,3988,64159
1,5300,3343,89477
1,5300,2942,87751
1,5300,4086,90695
1,5300,4102,1911VLL025
1,5300,4122,60816
1,5300,4318,62399
1,5300,4283,90944
1,5300,3316,88553
1,5300,3521,87144
1,5300,3561,60645
1,5300,3356,1611MDF045
1,5300,3586,1708MDF086
1,5300,3617,1711MDF032
1,5300,3694,61454
1,5300,3700,61434
1,5300,3701,61451
1,5300,3875,62821
1,5300,3902,63229
1,5300,4033,84045
1,5300,2985,84085
1,5300,4070,90412
1,5300,4082,90662
1,5300,4084,91092
1,5300,4090,90633
1,5300,4207,65372
1,5300,3230,1701MDF066
1,5300,3482,88959
1,5300,4371,87537
1,5300,3286,1705MDF104
1,5300,3493,87156
1,5300,3231,1701MDF071
1,5300,4382,88953
1,5300,3514,89550
1,5300,3531,87524
1,5300,3575,89505
1,5300,3359,1704MDF029
1,5300,3348,1511MDF024
1,5300,3464,1512MDF078
1,5300,3413,1801MDF161
1,5300,4387,J0074859
1,5300,3404,1801MDF075
1,5300,3604,82197
1,5300,3414,1803MDF101
1,5300,3629,1708MDF050
1,5300,3648,90820
1,5300,3771,62106
1,5300,3778,62025
1,5300,3779,62212
1,5300,2796,62537
1,5300,3853,62820
1,5300,3897,63042
1,5300,3912,63444
1,5300,3098,63269
1,5300,3924,63599
1,5300,3953,63570
1,5300,2899,87744
1,5300,4022,64989
1,5300,4028,89541
1,5300,4039,84364
1,5300,2990,84087
1,5300,4047,82722
1,5300,4054,90445
1,5300,4056,91136
1,5300,4064,90862
1,5300,4073,90661
1,5300,4088,90663
1,5300,4095,91149
1,5300,4107,91034
1,5300,4113,60782
1,5300,4144,64981
1,5300,4170,64654
1,5300,4223,65311
1,5300,3149,65334
1,5300,4241,91167
1,5300,4242,90987
1,5300,3165,61897
1,5300,3169,63576
1,5300,4374,90577
1,5300,3183,61399
1,5300,2968,91178
1,5300,3038,90931
1,5300,4375,60819
1,5300,4377,60646
1,5300,4379,62286
1,5300,4378,61229
1,5300,3196,61745
1,5300,4376,1912VLL25
1,5300,3473,89397
1,5300,3451,88536
1,5300,3434,1706MDF036
1,5300,3538,88567
1,5300,3542,89511
1,5300,3543,89540
1,5300,3547,90619
1,5300,3549,91186
1,5300,3551,91130
1,5300,3552,91070
1,5300,3553,91077
1,5300,3554,91142
1,5300,3555,91044
1,5300,3556,91148
1,5300,3557,90965
1,5300,3559,89546
1,5300,4373,89281
1,5300,3344,1605MDF101
1,5300,4386,1711MDF120
1,5300,3614,82398
1,5300,3416,80954
1,5300,4369,82333
1,5300,4372,89465
1,5300,3646,90999
1,5300,3647,91100
1,5302,3,452785
1,5300,3662,61410
1,5300,3670,61193
1,5300,3672,61171
1,5300,3673,60690
1,5300,3674,61146
1,5300,3675,61107
1,5300,3676,60882
1,5300,3678,61456
1,5300,3682,61106
1,5300,3684,61112
1,5300,3690,61494
1,5300,3698,61506
1,5300,3706,61567
1,5300,3711,61088
1,5300,3726,61730
1,5300,3727,61719
1,5300,3728,61677
1,5300,3729,61705
1,5300,3730,61716
1,5300,3731,61792
1,5300,3735,61780
1,5300,3737,61283
1,5300,3738,61320
1,5300,3742,61811
1,5300,3744,61164
1,5300,3745,60973
1,5300,3746,61331
1,5300,3755,60635
1,5300,3782,62324
1,5300,3784,62341
1,5300,3786,62409
1,5300,2778,62312
1,5300,3802,62326
1,5300,3804,62343
1,5300,3812,62831
1,5300,3826,62549
1,5300,3831,62692
1,5300,3844,62542
1,5300,3848,63060
1,5300,3864,62733
1,5300,2844,62793
1,5300,3876,62944
1,5300,3883,63004
1,5300,3903,62999
1,5300,3923,63474
1,5300,3928,63544
1,5300,3936,63482
1,5300,4385,63818
1,5300,3952,63590
1,5300,3978,63327
1,5300,3984,63339
1,5300,3992,64442
1,5300,4005,63801
1,5300,4010,63930
1,5300,4012,63994
1,5300,4017,63999
1,5300,4018,64098
1,5300,3092,63963
1,5300,4020,64097
1,5300,2988,83809
1,5300,2946,83500
1,5300,2955,91179
1,5300,3002,90658
1,5300,4076,90081
1,5300,4077,88311
1,5300,4096,90627
1,5300,4098,91197
1,5300,4141,65005
1,5300,4142,64994
1,5300,3106,65085
1,5300,3115,65110
1,5300,4313,91084
1,5300,3122,64018
1,5300,4370,90620
1,5301,28,1912VLL30
1,5300,4281,89432
1,5300,4300,61175
1,5300,4308,60812
1,5300,4310,90994
1,5300,4311,63979
1,5300,4317,63446
1,3214,917,1704MDF135RENOVA
1,5200,13788,61085RENOVA
1,5200,13943,62369RENOVA
1,5200,14238,63278RENOVA
1,5200,14489,63780RENOVA
1,5200,14490,63813RENOVA
1,5200,14561,64152RENOVA
1,5200,15052,64977RENOVA
1,5200,15176,63972RENOVA
1,5200,15205,65329RENOVA
1,3209,504,90858RENOVA
1,5200,12899,89249RENOVA
1,5200,12998,89552RENOVA
1,5200,15505,89457RENOVA
1,3214,278,1706MDF099RENOVA
1,5200,13188,60743RENOVA
1,5300,708,60696RENOVA
1,5200,13204,60858RENOVA
1,5200,13230,1708MDF071RENOVA
1,3214,756,1712MDF141RENOVA
1,5300,878,J0078784RENOVA
1,3214,776,J0074883RENOVA
1,3214,874,1712MDF127RENOVA
1,5300,939,61785RENOVA
1,5200,13776,61674RENOVA
1,5200,13843,61534RENOVA
1,5200,13848,61267RENOVA
1,5200,13851,61382RENOVA
1,5300,907,61898RENOVA
1,5200,13938,62435RENOVA
1,3200,2128,62741RENOVA
1,5200,14181,62785RENOVA
1,5200,14191,62863RENOVA
1,5200,14230,63036RENOVA
1,3200,2299,63026RENOVA
1,5200,14244,63333RENOVA
1,5200,14299,63390RENOVA
1,5200,14324,63515RENOVA
1,3211,137,63471RENOVA
1,5200,14471,63502RENOVA
1,5200,14495,63763RENOVA
1,5200,14508,63771RENOVA
1,5200,14510,64159RENOVA
1,3214,60,89477RENOVA
1,3207,128,87751RENOVA
1,5200,14871,90695RENOVA
1,5200,14917,1911VLL025RENOVA
1,5200,15011,60816RENOVA
1,5216,6,62399RENOVA
1,5200,15499,90944RENOVA
1,3214,399,88553RENOVA
1,5200,13032,87144RENOVA
1,5200,13165,60645RENOVA
1,3214,623,1611MDF045RENOVA
1,5200,13259,1708MDF086RENOVA
1,5200,13352,1711MDF032RENOVA
1,5200,13621,61454RENOVA
1,5200,13639,61434RENOVA
1,5200,13640,61451RENOVA
1,5200,14204,62821RENOVA
1,5200,14284,63229RENOVA
1,5200,14671,84045RENOVA
1,3207,81,84085RENOVA
1,5200,14821,90412RENOVA
1,5200,14855,90662RENOVA
1,5200,14857,91092RENOVA
1,5200,14878,90633RENOVA
1,5200,15224,65372RENOVA
1,3214,165,1701MDF066RENOVA
1,5200,12876,88959RENOVA
1,5300,885,87537RENOVA
1,3214,267,1705MDF104RENOVA
1,5200,12928,87156RENOVA
1,3214,167,1701MDF071RENOVA
1,5300,899,88953RENOVA
1,5200,13002,89550RENOVA
1,5200,13078,87524RENOVA
1,5200,13219,89505RENOVA
1,3214,630,1704MDF029RENOVA
1,3214,609,1511MDF024RENOVA
1,3214,974,1512MDF078RENOVA
1,3214,795,1801MDF161RENOVA
1,5300,874,J0074859RENOVA
1,3214,764,1801MDF075RENOVA
1,5200,13329,82197RENOVA
1,3214,801,1803MDF101RENOVA
1,5200,13410,1708MDF050RENOVA
1,5200,13492,90820RENOVA
1,5200,13911,62106RENOVA
1,5200,13935,62025RENOVA
1,5200,13936,62212RENOVA
1,3200,2053,62537RENOVA
1,5200,14138,62820RENOVA
1,5200,14271,63042RENOVA
1,5200,14311,63444RENOVA
1,3211,40,63269RENOVA
1,5200,14349,63599RENOVA
1,5200,14429,63570RENOVA
1,3201,142,87744RENOVA
1,5200,14621,64989RENOVA
1,5200,14645,89541RENOVA
1,5200,14694,84364RENOVA
1,3207,95,84087RENOVA
1,5200,14732,82722RENOVA
1,5200,14764,90445RENOVA
1,5200,14771,91136RENOVA
1,5200,14808,90862RENOVA
1,5200,14835,90661RENOVA
1,5200,14873,90663RENOVA
1,5200,14900,91149RENOVA
1,5200,14945,91034RENOVA
1,5200,14982,60782RENOVA
1,5200,15069,64981RENOVA
1,5200,15149,64654RENOVA
1,5200,15263,65311RENOVA
1,3211,636,65334RENOVA
1,5200,15300,91167RENOVA
1,5200,15301,90987RENOVA
1,3212,28,61897RENOVA
1,3212,31,63576RENOVA
1,5300,931,90577RENOVA
1,3212,65,61399RENOVA
1,3207,254,91178RENOVA
1,3209,507,90931RENOVA
1,5300,950,60819RENOVA
1,5300,4320,60646RENOVA
1,5300,4321,62286RENOVA
1,5300,4323,61229RENOVA
1,3212,90,61745RENOVA
1,5300,952,1912VLL25RENOVA
1,5200,12783,89397RENOVA
1,3214,913,88536RENOVA
1,3214,873,1706MDF036RENOVA
1,5200,13108,88567RENOVA
1,5200,13122,89511RENOVA
1,5200,13127,89540RENOVA
1,5200,13137,90619RENOVA
1,5200,13142,91186RENOVA
1,5200,13144,91130RENOVA
1,5200,13146,91070RENOVA
1,5200,13147,91077RENOVA
1,5200,13148,91142RENOVA
1,5200,13154,91044RENOVA
1,5200,13156,91148RENOVA
1,5200,13158,90965RENOVA
1,5200,13162,89546RENOVA
1,5300,691,89281RENOVA
1,3214,601,1605MDF101RENOVA
1,5300,876,1711MDF120RENOVA
1,5200,13347,82398RENOVA
1,3214,807,80954RENOVA
1,5300,601,82333RENOVA
1,5300,697,89465RENOVA
1,5200,13485,90999RENOVA
1,5200,13487,91100RENOVA
1,3213,12,452785RENOVA
1,5200,13546,61410RENOVA
1,5200,13561,61193RENOVA
1,5200,13572,61171RENOVA
1,5200,13573,60690RENOVA
1,5200,13574,61146RENOVA
1,5200,13575,61107RENOVA
1,5200,13576,60882RENOVA
1,5200,13579,61456RENOVA
1,5200,13589,61106RENOVA
1,5200,13593,61112RENOVA
1,5200,13611,61494RENOVA
1,5200,13630,61506RENOVA
1,5200,13677,61567RENOVA
1,5200,13687,61088RENOVA
1,5200,13762,61730RENOVA
1,5200,13763,61719RENOVA
1,5200,13764,61677RENOVA
1,5200,13765,61705RENOVA
1,5200,13766,61716RENOVA
1,5200,13767,61792RENOVA
1,5200,13787,61780RENOVA
1,5200,13793,61283RENOVA
1,5200,13794,61320RENOVA
1,5200,13802,61811RENOVA
1,5200,13805,61164RENOVA
1,5200,13807,60973RENOVA
1,5200,13808,61331RENOVA
1,5200,13841,60635RENOVA
1,5200,13944,62324RENOVA
1,5200,13947,62341RENOVA
1,5200,13950,62409RENOVA
1,3200,1976,62312RENOVA
1,5200,13998,62326RENOVA
1,5200,14006,62343RENOVA
1,5200,14027,62831RENOVA
1,5200,14069,62549RENOVA
1,5200,14078,62692RENOVA
1,5200,14105,62542RENOVA
1,5200,14112,63060RENOVA
1,5200,14173,62733RENOVA
1,3200,2234,62793RENOVA
1,5200,14206,62944RENOVA
1,5200,14229,63004RENOVA
1,5200,14285,62999RENOVA
1,5200,14348,63474RENOVA
1,5200,14357,63544RENOVA
1,5200,14376,63482RENOVA
1,5300,727,63818RENOVA
1,5200,14427,63590RENOVA
1,5200,14484,63327RENOVA
1,5200,14499,63339RENOVA
1,5200,14521,64442RENOVA
1,5200,14578,63801RENOVA
1,5200,14588,63930RENOVA
1,5200,14593,63994RENOVA
1,5200,14610,63999RENOVA
1,5200,14611,64098RENOVA
1,3211,362,63963RENOVA
1,5200,14618,64097RENOVA
1,3207,87,83809RENOVA
1,3207,147,83500RENOVA
1,3207,180,91179RENOVA
1,3209,211,90658RENOVA
1,5200,14840,90081RENOVA
1,5200,14841,88311RENOVA
1,5200,14901,90627RENOVA
1,5200,14904,91197RENOVA
1,5200,15063,65005RENOVA
1,5200,15064,64994RENOVA
1,3211,425,65085RENOVA
1,3211,493,65110RENOVA
1,5216,47,91084RENOVA
1,3211,520,64018RENOVA
1,5300,672,90620RENOVA
1,5216,75,1912VLL30RENOVA
1,5200,15482,89432RENOVA
1,5216,28,61175RENOVA
1,5216,42,60812RENOVA
1,5216,44,90994RENOVA
1,5216,45,63979RENOVA
1,5216,57,63446RENOVA
1,3211,109,63412RENOVA
1,3209,506,91166RENOVA
1,3211,146,63489RENOVA
1,3209,222,90706RENOVA
1,3209,287,91192RENOVA
1,3214,410,88482RENOVA
1,3214,452,89247RENOVA
1,5200,13195,60873RENOVA
1,5200,13506,60786RENOVA
1,3207,68,83409RENOVA
1,3209,301,90576RENOVA
1,5200,15003,90745RENOVA
1,5200,15007,60680RENOVA
